grid_id,row,col,centroid_lat,centroid_lon,elevation_m,slope_deg,distance_to_river_m,road_density_km_per_km2,building_density_count_per_km2,susceptibility,flood_polygon_intersection,flood_polygon_source
G0000,0,0,-2.028877,29.981124,1439.0,11.2,553,1.78,0,0.3876152073658612,0,official
G0001,0,1,-2.028877,29.983371,1405.0,6.07,306,0.0,0,0.6287209819467239,0,official
G0002,0,2,-2.028877,29.985618,1386.0,3.3,60,1.62,0,0.799610937741419,0,official
G0003,0,3,-2.028877,29.987865,1389.0,1.67,197,2.6,0,0.7597144955602364,0,official
G0004,0,4,-2.028877,29.990112,1400.0,4.91,446,0.0,0,0.6034908566767044,0,official
G0005,0,5,-2.028877,29.992359,1369.0,2.36,492,0.0,0,0.6849729108873494,0,official
G0006,0,6,-2.028877,29.994606,1387.0,10.25,312,0.0,0,0.5883737514069447,0,official
G0007,0,7,-2.028877,29.996854,1360.0,10.12,127,0.0,0,0.7167287894364233,0,official
G0008,0,8,-2.028877,29.999101,1372.0,16.09,106,0.0,32,0.6843072776204036,0,official
G0009,0,9,-2.028877,30.001348,1352.0,8.53,66,0.0,0,0.8199059339520437,1,official
G0010,0,10,-2.028877,30.003595,1351.0,1.84,113,4.32,0,0.9318244359452773,1,official
G0011,0,11,-2.028877,30.005842,1351.0,0.11,11,4.22,0,1.0,1,official
G0012,0,12,-2.028877,30.008089,1350.0,0.26,55,5.01,0,0.9874336312558946,1,official
G0013,0,13,-2.028877,30.010336,1350.0,0.26,100,10.38,0,0.9705522247447559,1,official
G0014,0,14,-2.028877,30.012584,1351.0,0.32,55,5.62,0,0.9683774024838903,1,official
G0015,0,15,-2.028877,30.014831,1352.0,0.72,139,6.95,48,0.9478649883720018,0,official
G0016,0,16,-2.028877,30.017078,1357.0,2.38,334,8.8,96,0.8156137958219483,0,official
G0017,0,17,-2.028877,30.019325,1369.0,5.15,525,9.38,144,0.6804730035794191,0,official
G0018,0,18,-2.028877,30.021572,1402.0,7.68,732,8.56,400,0.5073926589167262,0,official
G0019,0,19,-2.028877,30.023819,1434.0,4.6,928,14.23,832,0.43878560395026456,0,official
G0020,0,20,-2.028877,30.026067,1441.0,0.23,1113,20.23,608,0.4525572912251035,0,official
G0021,0,21,-2.028877,30.028314,1432.0,8.97,1127,0.78,96,0.3129724256208857,0,official
G0022,0,22,-2.028877,30.030561,1401.0,3.87,1165,0.0,32,0.4482796905049743,0,official
G0023,0,23,-2.028877,30.032808,1421.0,6.95,1191,4.22,176,0.3742579005998804,0,official
G0024,0,24,-2.028877,30.035055,1447.0,10.45,1236,11.76,368,0.2792822996484391,0,official
G0025,0,25,-2.028877,30.037302,1427.0,6.46,1314,5.47,208,0.3733251906684237,0,official
G0026,0,26,-2.028877,30.039549,1430.0,1.54,1402,0.0,96,0.4339513362131128,0,official
G0100,1,0,-2.026631,29.981124,1475.0,15.52,461,11.67,0,0.32945231658773794,0,official
G0101,1,1,-2.026631,29.983371,1407.0,11.42,240,5.4,0,0.5649694219089574,0,official
G0102,1,2,-2.026631,29.985618,1374.0,2.3,59,0.0,0,0.8373588021894627,0,official
G0103,1,3,-2.026631,29.987865,1387.0,7.66,239,1.41,0,0.6561229705357576,0,official
G0104,1,4,-2.026631,29.990112,1419.0,3.4,485,3.02,0,0.577796434835288,0,official
G0105,1,5,-2.026631,29.992359,1377.0,3.64,661,0.0,0,0.5885912979578543,0,official
G0106,1,6,-2.026631,29.994606,1432.0,6.68,480,0.0,0,0.5005686957588972,0,official
G0107,1,7,-2.026631,29.996854,1404.0,12.59,359,0.0,0,0.5164358284631938,0,official
G0108,1,8,-2.026631,29.999101,1444.0,12.97,297,0.0,0,0.45729455712938394,0,official
G0109,1,9,-2.026631,30.001348,1388.0,12.7,200,0.0,0,0.6004947350775738,0,official
G0110,1,10,-2.026631,30.003595,1359.0,4.81,223,0.0,0,0.7708020366268115,1,official
G0111,1,11,-2.026631,30.005842,1351.0,0.92,208,0.0,0,0.9040657018886669,1,official
G0112,1,12,-2.026631,30.008089,1351.0,0.0,73,0.0,0,0.9823695952514903,1,official
G0113,1,13,-2.026631,30.010336,1351.0,0.16,178,4.24,0,0.9314011786108644,1,official
G0114,1,14,-2.026631,30.012584,1352.0,0.11,167,0.0,0,0.9188676155264169,1,official
G0115,1,15,-2.026631,30.014831,1351.0,0.16,11,0.0,0,0.9940499538855345,1,official
G0116,1,16,-2.026631,30.017078,1351.0,2.32,175,0.0,240,0.9573720685409292,0,official
G0117,1,17,-2.026631,30.019325,1370.0,4.81,394,8.2,800,0.7591095849260697,0,official
G0118,1,18,-2.026631,30.021572,1393.0,7.99,576,8.31,672,0.5807578210300746,0,official
G0119,1,19,-2.026631,30.023819,1439.0,5.54,788,7.85,496,0.4566505370029186,0,official
G0120,1,20,-2.026631,30.026067,1441.0,5.12,863,0.68,336,0.42740525629003495,0,official
G0121,1,21,-2.026631,30.028314,1398.0,8.18,877,0.0,176,0.43976218341091117,0,official
G0122,1,22,-2.026631,30.030561,1385.0,5.17,925,0.0,96,0.49449064324694203,0,official
G0123,1,23,-2.026631,30.032808,1441.0,2.51,942,7.03,288,0.4330672558477374,0,official
G0124,1,24,-2.026631,30.035055,1401.0,8.46,995,1.73,80,0.3773879464802035,0,official
G0125,1,25,-2.026631,30.037302,1400.0,5.34,1083,5.39,192,0.439563677007568,0,official
G0126,1,26,-2.026631,30.039549,1436.0,8.22,1166,4.23,192,0.3214472210325703,0,official
G0200,2,0,-2.024386,29.981124,1467.0,14.26,390,8.84,0,0.37569041440495227,0,official
G0201,2,1,-2.024386,29.983371,1405.0,9.69,141,2.01,0,0.6311190113429106,0,official
G0202,2,2,-2.024386,29.985618,1384.0,6.08,110,0.0,0,0.7416156774516666,0,official
G0203,2,3,-2.024386,29.987865,1439.0,10.25,319,0.0,0,0.48858510990989507,0,official
G0204,2,4,-2.024386,29.990112,1428.0,6.23,551,4.08,0,0.489114245902734,0,official
G0205,2,5,-2.024386,29.992359,1398.0,5.74,789,0.0,0,0.46368883047051423,0,official
G0206,2,6,-2.024386,29.994606,1439.0,11.36,684,0.0,0,0.3370242487857725,0,official
G0207,2,7,-2.024386,29.996854,1471.0,14.65,606,0.0,0,0.2862652737683758,0,official
G0208,2,8,-2.024386,29.999101,1486.0,9.92,516,0.0,0,0.35403983687739515,0,official
G0209,2,9,-2.024386,30.001348,1426.0,15.71,410,0.0,0,0.4340722668800879,0,official
G0210,2,10,-2.024386,30.003595,1371.0,8.58,177,0.0,0,0.6992420863421805,0,official
G0211,2,11,-2.024386,30.005842,1351.0,2.41,32,2.13,0,0.9546528009793842,1,official
G0212,2,12,-2.024386,30.008089,1350.0,0.0,100,5.0,0,0.9890456113167432,1,official
G0213,2,13,-2.024386,30.010336,1351.0,0.0,262,0.56,0,0.9114676879047078,1,official
G0214,2,14,-2.024386,30.012584,1350.0,0.11,344,0.0,0,0.8918824517895101,1,official
G0215,2,15,-2.024386,30.014831,1351.0,0.0,151,0.0,16,0.9881655190903853,1,official
G0216,2,16,-2.024386,30.017078,1350.0,1.84,45,0.0,0,0.9741389768673786,1,official
G0217,2,17,-2.024386,30.019325,1367.0,4.82,229,6.37,496,0.8205095580897535,0,official
G0218,2,18,-2.024386,30.021572,1389.0,7.41,458,6.85,528,0.6382433714234916,0,official
G0219,2,19,-2.024386,30.023819,1427.0,7.85,614,4.7,592,0.5107327896685072,0,official
G0220,2,20,-2.024386,30.026067,1423.0,7.84,613,0.0,128,0.497471069589295,0,official
G0221,2,21,-2.024386,30.028314,1387.0,5.81,628,5.73,48,0.5817539552368705,0,official
G0222,2,22,-2.024386,30.030561,1387.0,2.22,676,7.45,480,0.6460828948846199,0,official
G0223,2,23,-2.024386,30.032808,1406.0,6.96,695,4.9,240,0.5209513023782559,0,official
G0224,2,24,-2.024386,30.035055,1385.0,2.46,760,0.0,32,0.5891947934459181,0,official
G0225,2,25,-2.024386,30.037302,1396.0,6.48,855,3.47,208,0.48099786840402,0,official
G0226,2,26,-2.024386,30.039549,1436.0,9.45,937,1.94,240,0.3305276989762961,0,official
G0300,3,0,-2.02214,29.981124,1447.0,5.51,421,6.35,0,0.5157871769494827,0,official
G0301,3,1,-2.02214,29.983371,1427.0,10.19,188,1.57,0,0.5659351947993638,0,official
G0302,3,2,-2.02214,29.985618,1415.0,10.09,28,0.0,0,0.6485199051234593,0,official
G0303,3,3,-2.02214,29.987865,1466.0,7.04,232,2.62,0,0.5314662238717394,0,official
G0304,3,4,-2.02214,29.990112,1455.0,10.54,476,3.81,0,0.40196375965210057,0,official
G0305,3,5,-2.02214,29.992359,1426.0,9.89,724,0.0,0,0.3732050318993229,0,official
G0306,3,6,-2.02214,29.994606,1501.0,14.37,912,1.16,0,0.13856956260021006,0,official
G0307,3,7,-2.02214,29.996854,1526.0,6.07,851,1.39,0,0.24613687627596328,0,official
G0308,3,8,-2.02214,29.999101,1519.0,7.1,651,0.0,0,0.3150866538986181,0,official
G0309,3,9,-2.02214,30.001348,1469.0,17.26,407,0.0,0,0.3533765193040723,0,official
G0310,3,10,-2.02214,30.003595,1367.0,13.28,169,0.0,0,0.6549483992703506,0,official
G0311,3,11,-2.02214,30.005842,1351.0,1.89,67,5.27,0,0.9476336763090005,1,official
G0312,3,12,-2.02214,30.008089,1351.0,0.0,189,3.97,0,0.9388530806894438,1,official
G0313,3,13,-2.02214,30.010336,1351.0,0.0,356,2.09,0,0.8762043054147737,1,official
G0314,3,14,-2.02214,30.012584,1351.0,0.11,337,0.16,0,0.8777035883859732,1,official
G0315,3,15,-2.02214,30.014831,1351.0,0.11,312,0.62,0,0.887082147558828,1,official
G0316,3,16,-2.02214,30.017078,1350.0,0.34,98,4.33,0,0.9685687045070731,1,official
G0317,3,17,-2.02214,30.019325,1354.0,2.76,113,5.71,128,0.9205997543563663,0,official
G0318,3,18,-2.02214,30.021572,1368.0,5.01,282,4.47,352,0.7899490920486929,0,official
G0319,3,19,-2.02214,30.023819,1379.0,8.85,371,5.59,336,0.6685007388992402,0,official
G0320,3,20,-2.02214,30.026067,1385.0,8.42,364,4.42,640,0.675114874484903,0,official
G0321,3,21,-2.02214,30.028314,1362.0,3.92,379,7.08,320,0.778920343870211,0,official
G0322,3,22,-2.02214,30.030561,1389.0,4.1,426,6.34,576,0.7078186436236283,0,official
G0323,3,23,-2.02214,30.032808,1380.0,5.2,451,9.03,432,0.7018975436794493,0,official
G0324,3,24,-2.02214,30.035055,1382.0,5.35,525,9.64,64,0.643003794264001,0,official
G0325,3,25,-2.02214,30.037302,1425.0,8.78,612,12.67,144,0.4812343264528501,0,official
G0326,3,26,-2.02214,30.039549,1459.0,8.41,722,23.13,160,0.38612878935923345,0,official
G0400,4,0,-2.019894,29.981124,1494.0,8.72,506,4.3,0,0.36380563148386175,0,official
G0401,4,1,-2.019894,29.983371,1489.0,10.32,257,5.79,0,0.4390764807992334,0,official
G0402,4,2,-2.019894,29.985618,1464.0,10.54,12,0.0,0,0.5613637582884142,0,official
G0403,4,3,-2.019894,29.987865,1486.0,8.22,232,4.18,0,0.48550613793892206,0,official
G0404,4,4,-2.019894,29.990112,1512.0,8.35,473,0.0,0,0.3663275504888751,0,official
G0405,4,5,-2.019894,29.992359,1472.0,11.12,720,0.0,0,0.2742945528839456,0,official
G0406,4,6,-2.019894,29.994606,1519.0,6.13,969,7.09,0,0.21219421104897185,0,official
G0407,4,7,-2.019894,29.996854,1521.0,3.33,950,1.85,0,0.26192102995877165,0,official
G0408,4,8,-2.019894,29.999101,1511.0,8.04,700,1.81,0,0.2857855392394928,0,official
G0409,4,9,-2.019894,30.001348,1458.0,15.45,451,0.0,0,0.36195693607489154,0,official
G0410,4,10,-2.019894,30.003595,1373.0,12.85,202,0.0,0,0.6305077968761036,0,official
G0411,4,11,-2.019894,30.005842,1355.0,5.37,44,0.0,0,0.8471831323847308,1,official
G0412,4,12,-2.019894,30.008089,1350.0,2.0,44,1.89,0,0.9714586901484861,1,official
G0413,4,13,-2.019894,30.010336,1351.0,0.11,134,7.72,0,0.9538574888695543,1,official
G0414,4,14,-2.019894,30.012584,1351.0,0.0,93,5.48,0,0.9748667479132064,1,official
G0415,4,15,-2.019894,30.014831,1351.0,0.16,200,7.12,0,0.923148046538752,1,official
G0416,4,16,-2.019894,30.017078,1350.0,0.23,204,0.0,0,0.9347536597286341,1,official
G0417,4,17,-2.019894,30.019325,1351.0,0.49,44,0.0,0,0.9700917876627305,1,official
G0418,4,18,-2.019894,30.021572,1353.0,1.95,74,0.0,0,0.9075384704251832,1,official
G0419,4,19,-2.019894,30.023819,1351.0,3.21,121,3.69,144,0.9595383999251773,0,official
G0420,4,20,-2.019894,30.026067,1351.0,2.76,119,0.0,272,0.9739577095165618,1,official
G0421,4,21,-2.019894,30.028314,1353.0,1.28,135,3.7,64,0.9330592152448801,1,official
G0422,4,22,-2.019894,30.030561,1356.0,1.75,179,8.91,496,0.9083836985975516,0,official
G0423,4,23,-2.019894,30.032808,1361.0,2.67,205,4.77,32,0.8418633408846387,0,official
G0424,4,24,-2.019894,30.035055,1372.0,3.69,310,3.85,768,0.802360823918645,0,official
G0425,4,25,-2.019894,30.037302,1390.0,7.33,378,5.59,112,0.6461913465359603,0,official
G0426,4,26,-2.019894,30.039549,1407.0,9.05,530,4.15,0,0.48994866750486205,0,official
G0500,5,0,-2.017648,29.981124,1523.0,5.83,507,11.27,0,0.3828565856203917,0,official
G0501,5,1,-2.017648,29.983371,1513.0,3.94,366,6.94,0,0.4793638892537536,0,official
G0502,5,2,-2.017648,29.985618,1508.0,6.66,261,1.42,0,0.47610648022416946,0,official
G0503,5,3,-2.017648,29.987865,1520.0,5.48,357,10.84,0,0.45151046905789477,0,official
G0504,5,4,-2.017648,29.990112,1527.0,3.46,558,6.68,0,0.39759134414307684,0,official
G0505,5,5,-2.017648,29.992359,1524.0,7.87,788,9.38,0,0.24071210666496506,0,official
G0506,5,6,-2.017648,29.994606,1523.0,3.03,1022,15.34,0,0.2414914662187258,0,official
G0507,5,7,-2.017648,29.996854,1498.0,5.08,974,7.44,0,0.24701581065550984,0,official
G0508,5,8,-2.017648,29.999101,1487.0,6.22,732,6.04,0,0.3300330410885098,0,official
G0509,5,9,-2.017648,30.001348,1461.0,8.42,499,4.56,0,0.41729648172808376,0,official
G0510,5,10,-2.017648,30.003595,1416.0,9.94,295,4.45,0,0.547215127551621,0,official
G0511,5,11,-2.017648,30.005842,1392.0,6.58,202,2.29,240,0.7302916783362617,0,official
G0512,5,12,-2.017648,30.008089,1368.0,4.88,75,2.23,80,0.8503966718851252,0,official
G0513,5,13,-2.017648,30.010336,1351.0,1.95,80,0.0,0,0.9419527652533773,1,official
G0514,5,14,-2.017648,30.012584,1351.0,0.16,56,0.0,0,0.9771685473743958,1,official
G0515,5,15,-2.017648,30.014831,1352.0,0.11,182,4.46,0,0.9132404800227042,1,official
G0516,5,16,-2.017648,30.017078,1352.0,0.26,386,0.0,0,0.8238464726003915,1,official
G0517,5,17,-2.017648,30.019325,1351.0,0.11,176,0.0,0,0.9381015094591583,1,official
G0518,5,18,-2.017648,30.021572,1351.0,0.11,69,0.0,0,0.9782417427189768,1,official
G0519,5,19,-2.017648,30.023819,1351.0,3.08,130,2.59,0,0.9079185014786347,1,official
G0520,5,20,-2.017648,30.026067,1361.0,7.14,134,3.81,272,0.8166365605054079,1,official
G0521,5,21,-2.017648,30.028314,1372.0,6.83,133,8.12,832,0.8188288791180912,0,official
G0522,5,22,-2.017648,30.030561,1376.0,13.64,85,8.48,64,0.7039084662916701,0,official
G0523,5,23,-2.017648,30.032808,1363.0,8.91,49,8.29,32,0.7939118870857498,0,official
G0524,5,24,-2.017648,30.035055,1368.0,3.01,120,3.39,0,0.8180773078878057,0,official
G0525,5,25,-2.017648,30.037302,1371.0,2.25,191,3.84,16,0.8319668382381225,0,official
G0526,5,26,-2.017648,30.039549,1387.0,4.79,298,11.85,192,0.7365876633480632,0,official
G0600,6,0,-2.015402,29.981124,1541.0,5.03,363,29.41,0,0.4412994180275977,0,official
G0601,6,1,-2.015402,29.983371,1520.0,5.06,155,14.24,0,0.5354906420890952,0,official
G0602,6,2,-2.015402,29.985618,1522.0,1.88,204,14.84,0,0.5589358821744208,0,official
G0603,6,3,-2.015402,29.987865,1530.0,3.49,429,15.43,0,0.4434921225892181,0,official
G0604,6,4,-2.015402,29.990112,1542.0,1.38,672,11.01,0,0.37355971897256796,0,official
G0605,6,5,-2.015402,29.992359,1541.0,2.21,902,12.37,0,0.2807480050621063,0,official
G0606,6,6,-2.015402,29.994606,1524.0,5.28,923,14.52,0,0.23477363901861417,0,official
G0607,6,7,-2.015402,29.996854,1495.0,6.16,963,0.86,0,0.23428927310248526,0,official
G0608,6,8,-2.015402,29.999101,1471.0,6.62,841,1.23,0,0.30134815823237443,0,official
G0609,6,9,-2.015402,30.001348,1437.0,6.28,648,4.33,0,0.4325113607285892,0,official
G0610,6,10,-2.015402,30.003595,1427.0,6.07,501,5.63,0,0.5149310135572284,0,official
G0611,6,11,-2.015402,30.005842,1387.0,7.68,411,12.04,128,0.6391988523422405,0,official
G0612,6,12,-2.015402,30.008089,1362.0,4.22,325,0.0,96,0.7791569305686867,0,official
G0613,6,13,-2.015402,30.010336,1351.0,1.15,238,0.0,0,0.8915249344240593,1,official
G0614,6,14,-2.015402,30.012584,1352.0,0.11,122,0.0,0,0.9357490220375556,1,official
G0615,6,15,-2.015402,30.014831,1351.0,0.0,69,4.75,0,0.9838701647191469,1,official
G0616,6,16,-2.015402,30.017078,1352.0,0.11,275,0.0,0,0.8783522398996841,1,official
G0617,6,17,-2.015402,30.019325,1351.0,0.11,157,0.0,0,0.9452292144305279,1,official
G0618,6,18,-2.015402,30.021572,1352.0,2.86,59,5.82,0,0.9148380513232325,1,official
G0619,6,19,-2.015402,30.023819,1376.0,9.97,269,4.75,0,0.6343998346080154,0,official
G0620,6,20,-2.015402,30.026067,1410.0,6.87,373,3.34,96,0.6229482150440581,0,official
G0621,6,21,-2.015402,30.028314,1411.0,12.91,377,2.83,96,0.5353810325909433,0,official
G0622,6,22,-2.015402,30.030561,1477.0,16.04,328,6.5,0,0.37498824463862246,0,official
G0623,6,23,-2.015402,30.032808,1439.0,18.14,271,9.74,496,0.5156778247506222,0,official
G0624,6,24,-2.015402,30.035055,1397.0,12.33,181,8.06,576,0.6647589639535272,0,official
G0625,6,25,-2.015402,30.037302,1385.0,5.82,72,9.33,256,0.8143262701676008,0,official
G0626,6,26,-2.015402,30.039549,1380.0,2.46,71,1.29,16,0.8560301112214783,0,official
G0700,7,0,-2.013157,29.981124,1510.0,9.66,303,7.5,0,0.4111902549437164,0,official
G0701,7,1,-2.013157,29.983371,1473.0,8.48,54,4.25,0,0.5623161516156657,0,official
G0702,7,2,-2.013157,29.985618,1495.0,7.16,179,4.21,0,0.5107115624769637,0,official
G0703,7,3,-2.013157,29.987865,1497.0,5.33,419,4.0,0,0.4513120913041973,0,official
G0704,7,4,-2.013157,29.990112,1522.0,5.91,666,5.33,0,0.32451152694393154,0,official
G0705,7,5,-2.013157,29.992359,1531.0,2.81,709,1.78,0,0.34655718753348913,0,official
G0706,7,6,-2.013157,29.994606,1527.0,2.64,673,15.0,0,0.3657068159482848,0,official
G0707,7,7,-2.013157,29.996854,1508.0,4.74,727,7.49,0,0.33570391747176687,0,official
G0708,7,8,-2.013157,29.999101,1487.0,9.1,853,3.25,0,0.2373620698904638,0,official
G0709,7,9,-2.013157,30.001348,1428.0,10.27,843,4.84,0,0.3144437916189645,0,official
G0710,7,10,-2.013157,30.003595,1398.0,8.07,618,6.41,0,0.4874743488687644,0,official
G0711,7,11,-2.013157,30.005842,1374.0,4.96,399,4.14,64,0.7119009541815573,0,official
G0712,7,12,-2.013157,30.008089,1360.0,2.86,245,0.0,0,0.7879250471726089,0,official
G0713,7,13,-2.013157,30.010336,1350.0,0.92,80,0.0,0,0.9688887848256199,1,official
G0714,7,14,-2.013157,30.012584,1352.0,0.26,83,0.0,0,0.9375146097753919,1,official
G0715,7,15,-2.013157,30.014831,1352.0,0.11,63,4.22,0,0.957882421685493,1,official
G0716,7,16,-2.013157,30.017078,1351.0,0.11,198,0.0,0,0.929848377387046,1,official
G0717,7,17,-2.013157,30.019325,1352.0,0.16,168,0.0,0,0.9125424270450374,1,official
G0718,7,18,-2.013157,30.021572,1350.0,7.43,81,4.25,80,0.9138375430284821,1,official
G0719,7,19,-2.013157,30.023819,1417.0,9.32,329,10.8,304,0.6016154021414248,0,official
G0720,7,20,-2.013157,30.026067,1410.0,7.57,579,0.53,0,0.48721370468653935,0,official
G0721,7,21,-2.013157,30.028314,1465.0,13.34,626,6.33,0,0.3013565204593462,0,official
G0722,7,22,-2.013157,30.030561,1517.0,8.64,574,7.86,48,0.35756123497999304,0,official
G0723,7,23,-2.013157,30.032808,1506.0,13.87,519,5.39,80,0.3307545083016972,0,official
G0724,7,24,-2.013157,30.035055,1463.0,13.6,408,0.0,336,0.4452914165342326,0,official
G0725,7,25,-2.013157,30.037302,1419.0,10.32,237,7.62,144,0.6074717913138076,0,official
G0726,7,26,-2.013157,30.039549,1406.0,6.23,28,4.11,0,0.7268675393658268,0,official
G0800,8,0,-2.010911,29.981124,1499.0,13.61,294,10.91,0,0.3801205936049033,0,official
G0801,8,1,-2.010911,29.983371,1447.0,6.24,70,6.54,0,0.6336323108216608,0,official
G0802,8,2,-2.010911,29.985618,1464.0,10.4,167,3.49,0,0.5053072481596347,0,official
G0803,8,3,-2.010911,29.987865,1492.0,8.52,395,0.0,0,0.41112309982865153,0,official
G0804,8,4,-2.010911,29.990112,1503.0,7.82,524,0.0,0,0.3639519061310433,0,official
G0805,8,5,-2.010911,29.992359,1517.0,7.39,479,13.13,0,0.3748671853220017,0,official
G0806,8,6,-2.010911,29.994606,1522.0,4.31,423,17.27,0,0.4423659235906013,0,official
G0807,8,7,-2.010911,29.996854,1506.0,6.48,504,4.77,0,0.3904144950070429,0,official
G0808,8,8,-2.010911,29.999101,1467.0,9.87,674,0.0,0,0.3181976596313749,0,official
G0809,8,9,-2.010911,30.001348,1420.0,9.97,625,0.0,0,0.416824852126881,0,official
G0810,8,10,-2.010911,30.003595,1381.0,7.04,535,3.9,240,0.6271753851030658,0,official
G0811,8,11,-2.010911,30.005842,1366.0,3.82,297,3.65,112,0.7938581115338396,0,official
G0812,8,12,-2.010911,30.008089,1355.0,1.79,65,0.0,0,0.8933379938811656,0,official
G0813,8,13,-2.010911,30.010336,1352.0,0.51,99,5.46,0,0.9263663460760378,1,official
G0814,8,14,-2.010911,30.012584,1351.0,0.16,77,4.39,0,0.9692905576691978,1,official
G0815,8,15,-2.010911,30.014831,1351.0,0.0,65,5.1,0,0.9853707341868038,1,official
G0816,8,16,-2.010911,30.017078,1351.0,0.16,229,0.0,0,0.9122689178982405,1,official
G0817,8,17,-2.010911,30.019325,1352.0,0.69,77,0.0,0,0.933011357576673,1,official
G0818,8,18,-2.010911,30.021572,1357.0,9.42,138,8.73,64,0.7734374246193483,0,official
G0819,8,19,-2.010911,30.023819,1432.0,11.36,363,1.44,192,0.5243588455443932,0,official
G0820,8,20,-2.010911,30.026067,1456.0,10.11,600,4.59,304,0.42018904036241117,0,official
G0821,8,21,-2.010911,30.028314,1462.0,12.21,844,0.0,64,0.27624565341090734,0,official
G0822,8,22,-2.010911,30.030561,1541.0,12.67,762,4.64,0,0.17824511333969467,0,official
G0823,8,23,-2.010911,30.032808,1550.0,13.5,525,6.39,16,0.28994092279618966,0,official
G0824,8,24,-2.010911,30.035055,1481.0,14.08,309,0.0,256,0.44420548487472544,0,official
G0825,8,25,-2.010911,30.037302,1456.0,10.86,106,5.8,80,0.5784929440172061,0,official
G0826,8,26,-2.010911,30.039549,1428.0,9.0,92,4.57,176,0.6663701721165016,0,official
G0900,9,0,-2.008665,29.981124,1448.0,3.89,51,0.96,0,0.6804001878799427,0,official
G0901,9,1,-2.008665,29.983371,1431.0,3.95,36,6.81,0,0.716195665304567,0,official
G0902,9,2,-2.008665,29.985618,1415.0,1.17,74,3.48,0,0.7663454842494882,0,official
G0903,9,3,-2.008665,29.987865,1433.0,8.31,201,0.0,0,0.57578872846421,0,official
G0904,9,4,-2.008665,29.990112,1458.0,12.31,303,0.0,0,0.4428863114075314,0,official
G0905,9,5,-2.008665,29.992359,1469.0,10.96,284,0.61,0,0.44454640643587867,0,official
G0906,9,6,-2.008665,29.994606,1491.0,9.52,174,15.57,0,0.4799906703276925,0,official
G0907,9,7,-2.008665,29.996854,1494.0,2.6,325,8.62,0,0.5314098753269149,0,official
G0908,9,8,-2.008665,29.999101,1474.0,9.62,553,3.58,0,0.35591915090204623,0,official
G0909,9,9,-2.008665,30.001348,1410.0,12.0,430,0.0,0,0.48119727535488327,0,official
G0910,9,10,-2.008665,30.003595,1368.0,7.14,295,4.17,0,0.6858512020186673,0,official
G0911,9,11,-2.008665,30.005842,1353.0,2.51,262,0.0,0,0.8299359749308155,1,official
G0912,9,12,-2.008665,30.008089,1353.0,0.36,139,0.0,0,0.8990746102333845,1,official
G0913,9,13,-2.008665,30.010336,1352.0,0.26,95,5.65,0,0.9330129013724217,1,official
G0914,9,14,-2.008665,30.012584,1351.0,0.0,317,0.0,0,0.8908348577244273,1,official
G0915,9,15,-2.008665,30.014831,1352.0,0.16,295,0.0,0,0.8648993464469349,1,official
G0916,9,16,-2.008665,30.017078,1352.0,0.69,196,0.0,0,0.888369415913884,1,official
G0917,9,17,-2.008665,30.019325,1352.0,2.39,38,2.66,0,0.9301133956572254,1,official
G0918,9,18,-2.008665,30.021572,1372.0,10.11,219,6.81,0,0.6587210501310361,0,official
G0919,9,19,-2.008665,30.023819,1434.0,13.94,467,4.09,224,0.4583919386073599,0,official
G0920,9,20,-2.008665,30.026067,1494.0,13.3,696,6.07,912,0.31488145771369763,0,official
G0921,9,21,-2.008665,30.028314,1532.0,15.59,830,8.11,1200,0.21154440168844937,0,official
G0922,9,22,-2.008665,30.030561,1587.0,13.65,735,4.95,0,0.16499188413709992,0,official
G0923,9,23,-2.008665,30.032808,1610.0,13.82,486,9.14,0,0.25132660298423437,0,official
G0924,9,24,-2.008665,30.035055,1546.0,17.88,238,5.84,864,0.4174509899525913,0,official
G0925,9,25,-2.008665,30.037302,1499.0,14.15,49,2.83,1376,0.5470492981582902,0,official
G0926,9,26,-2.008665,30.039549,1462.0,11.22,240,7.69,752,0.5433562814283044,0,official
G1000,10,0,-2.006419,29.981124,1499.0,13.21,199,1.78,0,0.41961860783329685,0,official
G1001,10,1,-2.006419,29.983371,1457.0,8.35,209,1.39,0,0.5331956610591287,0,official
G1002,10,2,-2.006419,29.985618,1454.0,9.48,160,0.0,0,0.5395488951632749,0,official
G1003,10,3,-2.006419,29.987865,1433.0,8.37,17,1.01,0,0.6438500516335354,0,official
G1004,10,4,-2.006419,29.990112,1400.0,2.97,107,0.0,0,0.7592886652329093,0,official
G1005,10,5,-2.006419,29.992359,1426.0,10.74,163,4.89,0,0.5704733110520723,0,official
G1006,10,6,-2.006419,29.994606,1442.0,10.03,56,6.31,0,0.585478619779703,0,official
G1007,10,7,-2.006419,29.996854,1491.0,4.6,286,10.48,0,0.5206321226072291,0,official
G1008,10,8,-2.006419,29.999101,1478.0,9.67,509,0.0,0,0.3650602228289054,0,official
G1009,10,9,-2.006419,30.001348,1412.0,14.01,275,4.34,64,0.5579020536214295,0,official
G1010,10,10,-2.006419,30.003595,1355.0,7.36,80,0.0,0,0.7994250390033563,1,official
G1011,10,11,-2.006419,30.005842,1350.0,0.36,36,0.0,0,0.9911842830271621,1,official
G1012,10,12,-2.006419,30.008089,1352.0,0.26,46,0.0,0,0.951394877351217,1,official
G1013,10,13,-2.006419,30.010336,1351.0,0.16,202,5.23,0,0.9223977618049237,1,official
G1014,10,14,-2.006419,30.012584,1351.0,0.11,150,0.0,0,0.9478552109989272,1,official
G1015,10,15,-2.006419,30.014831,1350.0,0.7,84,0.0,0,0.9693179600437357,1,official
G1016,10,16,-2.006419,30.017078,1357.0,1.38,61,0.0,0,0.8841767239599289,1,official
G1017,10,17,-2.006419,30.019325,1358.0,4.73,157,5.89,0,0.8007074186718751,0,official
G1018,10,18,-2.006419,30.021572,1392.0,8.13,290,2.7,0,0.6158278431024944,0,official
G1019,10,19,-2.006419,30.023819,1409.0,15.42,500,0.0,0,0.43067077024729933,0,official
G1020,10,20,-2.006419,30.026067,1522.0,17.86,524,1.14,1280,0.33082462235861365,0,official
G1021,10,21,-2.006419,30.028314,1566.0,14.21,599,7.1,208,0.2674871855304141,0,official
G1022,10,22,-2.006419,30.030561,1634.0,14.17,684,3.56,0,0.16582373274631357,0,official
G1023,10,23,-2.006419,30.032808,1666.0,10.87,567,8.37,0,0.23058879469304777,0,official
G1024,10,24,-2.006419,30.035055,1598.0,16.3,377,8.97,560,0.34887120871102184,0,official
G1025,10,25,-2.006419,30.037302,1550.0,16.32,296,0.0,656,0.3936986631629364,0,official
G1026,10,26,-2.006419,30.039549,1494.0,15.33,398,1.73,256,0.39121482445305567,0,official
G1100,11,0,-2.004174,29.981124,1530.0,10.44,449,23.42,0,0.32309921113323736,0,official
G1101,11,1,-2.004174,29.983371,1489.0,9.91,453,0.7,0,0.3731067435699942,0,official
G1102,11,2,-2.004174,29.985618,1495.0,8.11,349,1.01,0,0.4308561543867792,0,official
G1103,11,3,-2.004174,29.987865,1483.0,10.51,247,4.84,0,0.4461888764627625,0,official
G1104,11,4,-2.004174,29.990112,1433.0,11.49,136,0.0,0,0.5538591098550902,0,official
G1105,11,5,-2.004174,29.992359,1384.0,5.6,31,0.83,0,0.7804182116953078,0,official
G1106,11,6,-2.004174,29.994606,1431.0,10.82,188,1.47,0,0.5478920819873899,0,official
G1107,11,7,-2.004174,29.996854,1476.0,7.29,399,7.46,0,0.4473651201735638,0,official
G1108,11,8,-2.004174,29.999101,1442.0,14.77,339,0.0,0,0.4301048404557851,0,official
G1109,11,9,-2.004174,30.001348,1389.0,12.33,222,4.97,0,0.5922576842111763,0,official
G1110,11,10,-2.004174,30.003595,1350.0,4.25,14,0.0,16,0.9862508264131616,1,official
G1111,11,11,-2.004174,30.005842,1352.0,0.26,236,0.0,0,0.8801178276375204,1,official
G1112,11,12,-2.004174,30.008089,1351.0,0.11,259,3.56,0,0.9069646930052802,1,official
G1113,11,13,-2.004174,30.010336,1351.0,0.0,191,0.0,0,0.9381027959556154,1,official
G1114,11,14,-2.004174,30.012584,1351.0,3.56,49,2.54,0,0.9321941750270711,1,official
G1115,11,15,-2.004174,30.014831,1353.0,6.38,167,6.8,0,0.8039834819000885,1,official
G1116,11,16,-2.004174,30.017078,1361.0,5.77,26,4.27,0,0.8235422161882678,0,official
G1117,11,17,-2.004174,30.019325,1374.0,9.48,162,9.9,16,0.7195996062806242,0,official
G1118,11,18,-2.004174,30.021572,1422.0,12.34,220,4.78,80,0.5795479997617408,0,official
G1119,11,19,-2.004174,30.023819,1480.0,12.73,250,6.15,240,0.47881790015732556,0,official
G1120,11,20,-2.004174,30.026067,1530.0,12.82,286,11.56,640,0.4297572291130546,0,official
G1121,11,21,-2.004174,30.028314,1591.0,15.48,362,5.57,80,0.33438075586555543,0,official
G1122,11,22,-2.004174,30.030561,1664.0,14.04,477,0.0,0,0.2357753051601759,0,official
G1123,11,23,-2.004174,30.032808,1699.0,8.0,671,6.36,0,0.2261164184093012,0,official
G1124,11,24,-2.004174,30.035055,1635.0,13.27,594,6.26,384,0.271340885667902,0,official
G1125,11,25,-2.004174,30.037302,1602.0,13.8,546,1.85,1488,0.31133072749187607,0,official
G1126,11,26,-2.004174,30.039549,1541.0,17.98,607,0.0,32,0.24322669264017252,0,official
G1200,12,0,-2.001928,29.981124,1541.0,1.38,670,39.52,0,0.37614326115788027,0,official
G1201,12,1,-2.001928,29.983371,1537.0,4.3,697,18.28,0,0.3282879086443428,0,official
G1202,12,2,-2.001928,29.985618,1525.0,5.12,571,14.02,0,0.36930025785248494,0,official
G1203,12,3,-2.001928,29.987865,1502.0,11.79,455,6.06,0,0.3335203470349922,0,official
G1204,12,4,-2.001928,29.990112,1423.0,14.16,267,4.09,0,0.5008720516235006,0,official
G1205,12,5,-2.001928,29.992359,1377.0,0.87,41,9.27,0,0.8543068492170833,0,official
G1206,12,6,-2.001928,29.994606,1416.0,8.7,239,4.53,0,0.5855908022707691,0,official
G1207,12,7,-2.001928,29.996854,1428.0,10.91,289,4.0,0,0.5134279997463029,0,official
G1208,12,8,-2.001928,29.999101,1379.0,12.94,104,5.61,0,0.656818965119093,0,official
G1209,12,9,-2.001928,30.001348,1353.0,5.14,33,2.57,0,0.8774094952958614,1,official
G1210,12,10,-2.001928,30.003595,1352.0,0.26,11,1.22,0,0.9645248601932137,1,official
G1211,12,11,-2.001928,30.005842,1352.0,0.0,223,0.0,0,0.9034880649793922,1,official
G1212,12,12,-2.001928,30.008089,1352.0,0.11,208,4.37,0,0.903486778482935,1,official
G1213,12,13,-2.001928,30.010336,1351.0,3.44,8,0.7,0,0.9496655688134733,1,official
G1214,12,14,-2.001928,30.012584,1382.0,6.99,147,10.13,0,0.7169449208412298,0,official
G1215,12,15,-2.001928,30.014831,1405.0,5.47,333,1.64,0,0.6288841096974945,0,official
G1216,12,16,-2.001928,30.017078,1403.0,5.6,182,7.39,0,0.6861899365358433,0,official
G1217,12,17,-2.001928,30.019325,1415.0,7.08,82,3.13,0,0.6753801500543738,0,official
G1218,12,18,-2.001928,30.021572,1419.0,4.87,30,0.0,0,0.7259725237805654,0,official
G1219,12,19,-2.001928,30.023819,1442.0,9.27,24,0.0,64,0.6502295302654082,0,official
G1220,12,20,-2.001928,30.026067,1497.0,18.41,40,6.12,32,0.491616610161598,0,official
G1221,12,21,-2.001928,30.028314,1601.0,22.36,126,4.79,0,0.3637515986326601,0,official
G1222,12,22,-2.001928,30.030561,1697.0,15.08,336,5.55,96,0.3183562846445455,0,official
G1223,12,23,-2.001928,30.032808,1730.0,5.25,579,15.12,96,0.34512017099081715,0,official
G1224,12,24,-2.001928,30.035055,1665.0,11.93,826,9.04,272,0.18048052958369365,0,official
G1225,12,25,-2.001928,30.037302,1629.0,8.58,796,9.43,960,0.2689567504334528,0,official
G1226,12,26,-2.001928,30.039549,1601.0,10.34,839,9.15,1920,0.2370660470556663,0,official
G1300,13,0,-1.999682,29.981124,1521.0,6.07,428,24.97,0,0.4136828418295061,0,official
G1301,13,1,-1.999682,29.983371,1523.0,5.6,560,19.72,0,0.3674767777740755,0,official
G1302,13,2,-1.999682,29.985618,1523.0,4.5,754,20.44,0,0.31351416927900494,0,official
G1303,13,3,-1.999682,29.987865,1505.0,8.93,531,10.6,0,0.34178724461919635,0,official
G1304,13,4,-1.999682,29.990112,1450.0,13.29,289,4.67,0,0.45194955029873096,0,official
G1305,13,5,-1.999682,29.992359,1387.0,8.65,90,6.45,0,0.6949731051483146,0,official
G1306,13,6,-1.999682,29.994606,1374.0,6.73,186,6.75,0,0.719440852617808,0,official
G1307,13,7,-1.999682,29.996854,1387.0,8.8,229,4.24,0,0.6412201955757645,0,official
G1308,13,8,-1.999682,29.999101,1355.0,4.96,43,2.34,0,0.8562421258376216,1,official
G1309,13,9,-1.999682,30.001348,1353.0,0.36,15,0.0,0,0.9455922637307445,1,official
G1310,13,10,-1.999682,30.003595,1352.0,0.11,150,2.82,0,0.9252450357639582,1,official
G1311,13,11,-1.999682,30.005842,1352.0,2.18,42,5.19,0,0.9324723155611139,1,official
G1312,13,12,-1.999682,30.008089,1351.0,3.89,74,2.0,0,0.9189561264826712,1,official
G1313,13,13,-1.999682,30.010336,1352.0,4.38,30,3.13,0,0.9041683643059499,1,official
G1314,13,14,-1.999682,30.012584,1380.0,5.72,221,6.61,160,0.7650233518404426,0,official
G1315,13,15,-1.999682,30.014831,1396.0,5.46,265,13.56,64,0.7090055652550241,0,official
G1316,13,16,-1.999682,30.017078,1409.0,4.63,275,12.35,144,0.7053184664087413,0,official
G1317,13,17,-1.999682,30.019325,1434.0,5.26,274,13.71,432,0.6617758359686142,0,official
G1318,13,18,-1.999682,30.021572,1455.0,8.07,273,5.14,224,0.5698609387384538,0,official
G1319,13,19,-1.999682,30.023819,1504.0,14.37,252,5.33,112,0.43112657594207887,0,official
G1320,13,20,-1.999682,30.026067,1579.0,15.21,216,12.64,224,0.40563477729266856,0,official
G1321,13,21,-1.999682,30.028314,1639.0,13.94,161,9.31,704,0.4360128181361007,0,official
G1322,13,22,-1.999682,30.030561,1703.0,10.87,351,4.14,0,0.3015366299633516,0,official
G1323,13,23,-1.999682,30.032808,1732.0,4.23,588,9.48,48,0.350572471625999,0,official
G1324,13,24,-1.999682,30.035055,1666.0,10.23,832,5.43,64,0.18134942929087414,0,official
G1325,13,25,-1.999682,30.037302,1642.0,6.35,1046,2.43,1408,0.2275008172468744,0,official
G1326,13,26,-1.999682,30.039549,1613.0,6.65,1079,10.21,1296,0.23245382860702415,0,official
G1400,14,0,-1.997436,29.981124,1488.0,7.97,206,35.26,0,0.4962407930272921,0,official
G1401,14,1,-1.997436,29.983371,1488.0,6.51,416,15.27,0,0.44158270454746906,0,official
G1402,14,2,-1.997436,29.985618,1490.0,10.78,593,19.09,0,0.3056956157101287,0,official
G1403,14,3,-1.997436,29.987865,1473.0,10.62,605,14.55,0,0.32280704778781144,0,official
G1404,14,4,-1.997436,29.990112,1418.0,11.2,377,0.58,0,0.49458301369256774,0,official
G1405,14,5,-1.997436,29.992359,1380.0,6.99,169,4.55,0,0.7129693894892467,0,official
G1406,14,6,-1.997436,29.994606,1357.0,3.48,45,4.19,0,0.8633233882868872,1,official
G1407,14,7,-1.997436,29.996854,1353.0,3.93,21,3.03,0,0.9012086505565577,1,official
G1408,14,8,-1.997436,29.999101,1352.0,0.26,110,0.0,0,0.9273857658687086,1,official
G1409,14,9,-1.997436,30.001348,1352.0,0.11,120,0.0,0,0.9364993067713839,1,official
G1410,14,10,-1.997436,30.003595,1352.0,2.19,33,0.87,0,0.935526972749046,1,official
G1411,14,11,-1.997436,30.005842,1371.0,5.33,195,12.54,448,0.813822220855677,0,official
G1412,14,12,-1.997436,30.008089,1386.0,6.19,145,10.04,240,0.775523221325377,0,official
G1413,14,13,-1.997436,30.010336,1376.0,7.34,128,7.42,0,0.7281411708584368,0,official
G1414,14,14,-1.997436,30.012584,1358.0,1.91,65,7.31,128,0.9218982152306,0,official
G1415,14,15,-1.997436,30.014831,1367.0,5.17,19,4.77,496,0.8933394090272685,0,official
G1416,14,16,-1.997436,30.017078,1389.0,5.83,25,6.01,320,0.8210227415265232,0,official
G1417,14,17,-1.997436,30.019325,1414.0,4.76,33,7.26,416,0.8007343064478303,0,official
G1418,14,18,-1.997436,30.021572,1430.0,7.05,47,0.0,32,0.6997991393081403,0,official
G1419,14,19,-1.997436,30.023819,1474.0,9.52,49,0.0,0,0.5464382123411288,0,official
G1420,14,20,-1.997436,30.026067,1513.0,13.8,120,0.97,0,0.431581609738984,0,official
G1421,14,21,-1.997436,30.028314,1596.0,22.64,342,2.76,16,0.31924126555744076,0,official
G1422,14,22,-1.997436,30.030561,1721.0,15.25,508,9.49,0,0.20179301584230333,0,official
G1423,14,23,-1.997436,30.032808,1729.0,5.72,693,12.17,0,0.25057245876103446,0,official
G1424,14,24,-1.997436,30.035055,1671.0,9.49,910,0.0,112,0.16807304315205007,0,official
G1425,14,25,-1.997436,30.037302,1646.0,7.38,1140,3.83,480,0.19403582815443465,0,official
G1426,14,26,-1.997436,30.039549,1607.0,8.94,1323,11.31,368,0.1777938103825153,0,official
G1500,15,0,-1.99519,29.981124,1451.0,4.85,95,16.89,0,0.6444678272322741,0,official
G1501,15,1,-1.99519,29.983371,1466.0,11.36,284,9.61,0,0.4452218170758991,0,official
G1502,15,2,-1.99519,29.985618,1429.0,12.3,366,5.01,0,0.46998854632204173,0,official
G1503,15,3,-1.99519,29.987865,1445.0,9.54,402,14.59,0,0.4575286994845909,0,official
G1504,15,4,-1.99519,29.990112,1416.0,8.21,379,2.05,0,0.5417547219887587,0,official
G1505,15,5,-1.99519,29.992359,1393.0,6.82,190,4.84,0,0.6749873826859962,0,official
G1506,15,6,-1.99519,29.994606,1360.0,4.6,136,2.52,0,0.8045329445369508,0,official
G1507,15,7,-1.99519,29.996854,1353.0,0.81,62,0.0,0,0.923136210771346,1,official
G1508,15,8,-1.99519,29.999101,1353.0,0.26,279,2.67,0,0.8499317320654997,1,official
G1509,15,9,-1.99519,30.001348,1352.0,0.11,131,1.3,0,0.9323727407353279,1,official
G1510,15,10,-1.99519,30.003595,1354.0,3.84,96,3.97,112,0.9120216532791701,1,official
G1511,15,11,-1.99519,30.005842,1384.0,6.17,310,6.42,496,0.7321181173565225,0,official
G1512,15,12,-1.99519,30.008089,1405.0,4.45,394,5.32,144,0.672737429032031,0,official
G1513,15,13,-1.99519,30.010336,1410.0,6.71,250,4.79,816,0.7016551677469163,0,official
G1514,15,14,-1.99519,30.012584,1366.0,7.81,21,0.0,16,0.8177954365140372,0,official
G1515,15,15,-1.99519,30.014831,1363.0,2.83,229,6.66,176,0.8378290166445626,0,official
G1516,15,16,-1.99519,30.017078,1389.0,9.12,225,4.29,384,0.6945344098564155,0,official
G1517,15,17,-1.99519,30.019325,1441.0,10.24,219,7.91,624,0.5934152737233486,0,official
G1518,15,18,-1.99519,30.021572,1470.0,11.08,233,8.21,560,0.5287914690876129,0,official
G1519,15,19,-1.99519,30.023819,1516.0,14.45,190,6.01,192,0.44800116402199447,0,official
G1520,15,20,-1.99519,30.026067,1565.0,19.48,179,2.85,0,0.35465954222081963,0,official
G1521,15,21,-1.99519,30.028314,1624.0,22.49,366,1.31,0,0.2666577812644691,0,official
G1522,15,22,-1.99519,30.030561,1733.0,13.14,601,10.48,0,0.1761032253881328,0,official
G1523,15,23,-1.99519,30.032808,1735.0,7.39,845,5.89,0,0.1584294657090159,0,official
G1524,15,24,-1.99519,30.035055,1676.0,9.56,1014,0.0,32,0.12052863683221349,0,official
G1525,15,25,-1.99519,30.037302,1652.0,6.18,1201,8.23,832,0.22368957149247354,0,official
G1526,15,26,-1.99519,30.039549,1623.0,6.83,1408,6.58,416,0.21113014982923692,0,official
G1600,16,0,-1.992945,29.981124,1458.0,15.34,77,6.64,0,0.503225053643686,0,official
G1601,16,1,-1.992945,29.983371,1390.0,10.67,72,3.7,0,0.6617638715515624,0,official
G1602,16,2,-1.992945,29.985618,1383.0,1.37,130,0.0,0,0.8063817685955667,0,official
G1603,16,3,-1.992945,29.987865,1390.0,3.24,155,2.44,0,0.7501104135584377,0,official
G1604,16,4,-1.992945,29.990112,1368.0,5.6,147,3.88,0,0.7680670738084888,0,official
G1605,16,5,-1.992945,29.992359,1359.0,3.24,53,1.85,0,0.8577331752314953,0,official
G1606,16,6,-1.992945,29.994606,1353.0,0.99,98,0.0,0,0.9080229649909578,1,official
G1607,16,7,-1.992945,29.996854,1352.0,0.16,40,0.0,0,0.960560650010054,1,official
G1608,16,8,-1.992945,29.999101,1354.0,0.11,211,3.02,0,0.878529004512901,1,official
G1609,16,9,-1.992945,30.001348,1352.0,0.92,84,4.41,0,0.927973180151058,1,official
G1610,16,10,-1.992945,30.003595,1362.0,4.52,194,7.79,272,0.836260777463258,0,official
G1611,16,11,-1.992945,30.005842,1389.0,6.06,427,2.5,432,0.6724668788270858,0,official
G1612,16,12,-1.992945,30.008089,1415.0,3.64,563,9.96,464,0.6174754591152071,0,official
G1613,16,13,-1.992945,30.010336,1420.0,3.97,331,9.28,800,0.6998288573763011,0,official
G1614,16,14,-1.992945,30.012584,1408.0,7.93,145,4.33,208,0.7029165775231829,0,official
G1615,16,15,-1.992945,30.014831,1376.0,2.52,101,4.88,128,0.8632209831688955,0,official
G1616,16,16,-1.992945,30.017078,1408.0,9.34,202,8.14,896,0.6849105158091761,0,official
G1617,16,17,-1.992945,30.019325,1454.0,10.22,327,11.82,400,0.5286011962615956,0,official
G1618,16,18,-1.992945,30.021572,1493.0,12.79,412,7.56,800,0.42455772503170897,0,official
G1619,16,19,-1.992945,30.023819,1561.0,18.16,378,15.91,784,0.35672964367007076,0,official
G1620,16,20,-1.992945,30.026067,1653.0,17.42,359,7.65,16,0.30128537720526394,0,official
G1621,16,21,-1.992945,30.028314,1717.0,11.9,432,10.22,0,0.25839770211148805,0,official
G1622,16,22,-1.992945,30.030561,1757.0,5.86,521,10.97,0,0.3047084869785331,0,official
G1623,16,23,-1.992945,30.032808,1760.0,9.82,661,5.64,64,0.22874215767840908,0,official
G1624,16,24,-1.992945,30.035055,1685.0,11.94,852,9.49,240,0.16074039929505143,0,official
G1625,16,25,-1.992945,30.037302,1657.0,7.23,1068,18.65,320,0.18869686785713044,0,official
G1626,16,26,-1.992945,30.039549,1622.0,8.49,1296,9.77,432,0.1840654806112762,0,official
G1700,17,0,-1.990699,29.981124,1433.0,7.97,323,9.61,0,0.5348457214151101,0,official
G1701,17,1,-1.990699,29.983371,1409.0,2.76,199,0.0,0,0.7113155982935397,0,official
G1702,17,2,-1.990699,29.985618,1417.0,1.72,118,4.79,0,0.74059252681927,0,official
G1703,17,3,-1.990699,29.987865,1421.0,6.46,103,4.41,0,0.6666176940348634,0,official
G1704,17,4,-1.990699,29.990112,1378.0,7.34,110,4.6,0,0.7318383043770855,0,official
G1705,17,5,-1.990699,29.992359,1369.0,3.64,181,1.54,0,0.7836312365971192,0,official
G1706,17,6,-1.990699,29.994606,1355.0,1.72,109,0.0,0,0.8777966020798273,1,official
G1707,17,7,-1.990699,29.996854,1354.0,0.16,118,0.0,0,0.9074671985214553,1,official
G1708,17,8,-1.990699,29.999101,1354.0,0.23,200,0.0,0,0.873006847120094,1,official
G1709,17,9,-1.990699,30.001348,1352.0,1.64,53,0.31,16,0.9691920120405777,1,official
G1710,17,10,-1.990699,30.003595,1368.0,4.39,285,6.13,96,0.7811850922334338,0,official
G1711,17,11,-1.990699,30.005842,1382.0,5.62,521,3.29,880,0.675701902818315,0,official
G1712,17,12,-1.990699,30.008089,1412.0,7.42,638,7.4,656,0.5344546264921267,0,official
G1713,17,13,-1.990699,30.010336,1444.0,3.55,395,11.76,1264,0.6396370330355566,0,official
G1714,17,14,-1.990699,30.012584,1420.0,6.73,176,11.64,640,0.7073201262464703,0,official
G1715,17,15,-1.990699,30.014831,1385.0,3.48,53,7.55,320,0.8625414557402121,0,official
G1716,17,16,-1.990699,30.017078,1415.0,5.36,35,2.6,128,0.7698800046159492,0,official
G1717,17,17,-1.990699,30.019325,1411.0,1.96,128,3.56,80,0.7858244557573225,0,official
G1718,17,18,-1.990699,30.021572,1432.0,10.01,164,7.68,240,0.6214454585324238,0,official
G1719,17,19,-1.990699,30.023819,1480.0,16.69,133,3.95,0,0.44125825014096787,0,official
G1720,17,20,-1.990699,30.026067,1548.0,22.54,109,1.67,0,0.3829135774134448,0,official
G1721,17,21,-1.990699,30.028314,1641.0,26.86,234,3.05,0,0.3093742236797941,0,official
G1722,17,22,-1.990699,30.030561,1761.0,16.9,307,8.84,0,0.2577222914714676,0,official
G1723,17,23,-1.990699,30.032808,1783.0,7.55,509,2.75,0,0.27334910663756273,0,official
G1724,17,24,-1.990699,30.035055,1700.0,14.16,741,14.61,800,0.19860211867955543,0,official
G1725,17,25,-1.990699,30.037302,1659.0,11.67,982,9.61,320,0.12829431539669958,0,official
G1726,17,26,-1.990699,30.039549,1597.0,13.93,1226,18.13,1008,0.14029243865566782,0,official
G1800,18,0,-1.988453,29.981124,1407.0,5.72,533,6.45,0,0.5449466483486725,0,official
G1801,18,1,-1.988453,29.983371,1408.0,5.2,426,14.17,0,0.5916319323344033,0,official
G1802,18,2,-1.988453,29.985618,1392.0,7.22,361,6.87,0,0.6049523166520628,0,official
G1803,18,3,-1.988453,29.987865,1431.0,7.57,328,18.0,0,0.544098203935161,0,official
G1804,18,4,-1.988453,29.990112,1406.0,6.33,304,9.29,0,0.6218809375831801,0,official
G1805,18,5,-1.988453,29.992359,1381.0,6.18,236,5.91,0,0.6980946601520202,0,official
G1806,18,6,-1.988453,29.994606,1354.0,3.21,208,0.0,0,0.8310891903550331,1,official
G1807,18,7,-1.988453,29.996854,1353.0,0.0,120,0.0,0,0.9280727549768437,1,official
G1808,18,8,-1.988453,29.999101,1354.0,0.26,133,3.55,0,0.8949251445603907,1,official
G1809,18,9,-1.988453,30.001348,1355.0,3.69,241,9.72,48,0.8403387139332326,0,official
G1810,18,10,-1.988453,30.003595,1386.0,6.99,382,7.74,320,0.6789759076521966,0,official
G1811,18,11,-1.988453,30.005842,1411.0,9.43,599,4.66,656,0.5213290177380845,0,official
G1812,18,12,-1.988453,30.008089,1435.0,7.32,608,4.22,832,0.5094296974070277,0,official
G1813,18,13,-1.988453,30.010336,1450.0,4.0,359,8.8,752,0.6339411986210303,0,official
G1814,18,14,-1.988453,30.012584,1407.0,6.35,116,5.4,256,0.7455239250389389,0,official
G1815,18,15,-1.988453,30.014831,1406.0,6.54,141,6.85,208,0.7321572268488208,0,official
G1816,18,16,-1.988453,30.017078,1447.0,7.74,256,10.54,224,0.5928824068907838,0,official
G1817,18,17,-1.988453,30.019325,1456.0,8.59,129,4.31,160,0.6095852476936656,0,official
G1818,18,18,-1.988453,30.021572,1438.0,9.93,38,0.0,96,0.6475022864258285,0,official
G1819,18,19,-1.988453,30.023819,1466.0,13.21,27,0.0,0,0.5253913876009273,0,official
G1820,18,20,-1.988453,30.026067,1522.0,16.4,44,0.0,80,0.47824811087643976,0,official
G1821,18,21,-1.988453,30.028314,1580.0,20.78,15,0.0,16,0.44693015572139067,0,official
G1822,18,22,-1.988453,30.030561,1703.0,22.39,206,5.4,0,0.3028642943071632,0,official
G1823,18,23,-1.988453,30.032808,1786.0,1.08,455,13.27,368,0.45300370549574553,0,official
G1824,18,24,-1.988453,30.035055,1708.0,13.99,705,14.48,496,0.2039540725910772,0,official
G1825,18,25,-1.988453,30.037302,1664.0,9.51,955,7.76,512,0.17465411577876327,0,official
G1826,18,26,-1.988453,30.039549,1625.0,8.99,1205,11.16,96,0.154363493656093,0,official
G1900,19,0,-1.986207,29.981124,1383.0,6.44,369,4.43,0,0.640497827815057,0,official
G1901,19,1,-1.986207,29.983371,1366.0,6.28,251,9.49,0,0.7213815325234668,0,official
G1902,19,2,-1.986207,29.985618,1358.0,4.05,136,4.75,0,0.8174300715201976,0,official
G1903,19,3,-1.986207,29.987865,1356.0,8.54,82,4.42,0,0.7698893960400868,0,official
G1904,19,4,-1.986207,29.990112,1354.0,5.72,142,3.45,0,0.8162888205130316,0,official
G1905,19,5,-1.986207,29.992359,1354.0,2.52,111,0.0,0,0.8761618510316865,0,official
G1906,19,6,-1.986207,29.994606,1355.0,4.0,107,3.6,0,0.8470277236127033,1,official
G1907,19,7,-1.986207,29.996854,1354.0,0.23,63,4.82,0,0.9244013513873386,1,official
G1908,19,8,-1.986207,29.999101,1353.0,0.23,169,1.37,0,0.8944136335690153,1,official
G1909,19,9,-1.986207,30.001348,1356.0,4.58,223,4.08,0,0.7861435068787036,0,official
G1910,19,10,-1.986207,30.003595,1393.0,11.06,330,2.35,320,0.6152309087463619,0,official
G1911,19,11,-1.986207,30.005842,1449.0,9.39,501,5.66,112,0.4677165935786588,0,official
G1912,19,12,-1.986207,30.008089,1463.0,4.09,650,21.14,400,0.4921620846594431,0,official
G1913,19,13,-1.986207,30.010336,1465.0,2.93,420,11.25,32,0.5662231127064811,0,official
G1914,19,14,-1.986207,30.012584,1454.0,8.91,204,6.13,32,0.5686328492204281,0,official
G1915,19,15,-1.986207,30.014831,1426.0,8.01,17,8.28,304,0.7244651358816856,0,official
G1916,19,16,-1.986207,30.017078,1461.0,7.17,232,7.0,1136,0.616278502811445,0,official
G1917,19,17,-1.986207,30.019325,1486.0,7.55,277,9.26,272,0.5364874195441196,0,official
G1918,19,18,-1.986207,30.021572,1519.0,11.6,225,8.99,240,0.4622735557179686,0,official
G1919,19,19,-1.986207,30.023819,1562.0,18.05,181,4.99,640,0.4273682051920681,0,official
G1920,19,20,-1.986207,30.026067,1641.0,15.69,249,6.65,368,0.3796503791498034,0,official
G1921,19,21,-1.986207,30.028314,1698.0,14.04,258,4.41,592,0.3769173460761665,0,official
G1922,19,22,-1.986207,30.030561,1761.0,10.87,340,7.82,64,0.3315378559944752,0,official
G1923,19,23,-1.986207,30.032808,1791.0,4.16,529,14.54,944,0.3999474337547595,0,official
G1924,19,24,-1.986207,30.035055,1725.0,16.96,755,19.46,1008,0.17849109146230777,0,official
G1925,19,25,-1.986207,30.037302,1648.0,16.43,992,2.37,4768,0.11642188284159795,0,official
G1926,19,26,-1.986207,30.039549,1584.0,14.43,1235,8.95,2448,0.13992257092422808,0,official
G2000,20,0,-1.983962,29.981124,1362.0,2.5,155,9.8,0,0.8225884077149134,0,official
G2001,20,1,-1.983962,29.983371,1359.0,0.51,73,0.0,0,0.8814278669798684,0,official
G2002,20,2,-1.983962,29.985618,1358.0,0.57,109,0.0,0,0.870495734685321,0,official
G2003,20,3,-1.983962,29.987865,1356.0,1.85,175,0.0,0,0.8417803618631505,0,official
G2004,20,4,-1.983962,29.990112,1356.0,6.85,269,1.43,0,0.7290055678280171,1,official
G2005,20,5,-1.983962,29.992359,1359.0,7.31,255,1.89,0,0.715860661627117,1,official
G2006,20,6,-1.983962,29.994606,1389.0,7.89,97,10.45,0,0.6991333773915487,0,official
G2007,20,7,-1.983962,29.996854,1353.0,4.11,75,0.0,0,0.8767698492573506,1,official
G2008,20,8,-1.983962,29.999101,1354.0,0.26,70,0.0,0,0.9185591136759849,1,official
G2009,20,9,-1.983962,30.001348,1354.0,0.23,73,2.07,0,0.9206499277181965,1,official
G2010,20,10,-1.983962,30.003595,1356.0,12.14,159,5.34,48,0.7332844550446035,0,official
G2011,20,11,-1.983962,30.005842,1455.0,12.56,401,7.01,688,0.48115726531506486,0,official
G2012,20,12,-1.983962,30.008089,1467.0,2.25,649,7.91,240,0.5032633912381099,0,official
G2013,20,13,-1.983962,30.010336,1474.0,1.47,544,22.52,16,0.5207507375805812,0,official
G2014,20,14,-1.983962,30.012584,1475.0,2.42,339,9.76,64,0.5897429695863234,0,official
G2015,20,15,-1.983962,30.014831,1476.0,6.03,134,3.95,288,0.62670143980824,0,official
G2016,20,16,-1.983962,30.017078,1466.0,3.17,27,10.91,608,0.7407991381502935,0,official
G2017,20,17,-1.983962,30.019325,1488.0,5.16,33,4.82,608,0.6797393146498885,0,official
G2018,20,18,-1.983962,30.021572,1507.0,9.78,23,0.0,288,0.5754411171214795,0,official
G2019,20,19,-1.983962,30.023819,1574.0,8.46,102,13.01,224,0.5231142888717155,0,official
G2020,20,20,-1.983962,30.026067,1557.0,15.25,299,15.8,0,0.3251125780887268,0,official
G2021,20,21,-1.983962,30.028314,1615.0,23.66,174,9.63,0,0.34045404834061893,0,official
G2022,20,22,-1.983962,30.030561,1679.0,20.93,291,3.49,320,0.33711919222431247,0,official
G2023,20,23,-1.983962,30.032808,1781.0,9.41,514,13.12,256,0.3015934931067589,0,official
G2024,20,24,-1.983962,30.035055,1761.0,10.19,754,19.43,1280,0.22559821763634835,0,official
G2025,20,25,-1.983962,30.037302,1707.0,16.41,999,5.51,4336,0.09684629544982928,0,official
G2026,20,26,-1.983962,30.039549,1638.0,17.39,1246,1.54,5136,0.1149645396549025,0,official
G2100,21,0,-1.981716,29.981124,1362.0,1.79,102,9.37,0,0.8519588645330809,0,official
G2101,21,1,-1.981716,29.983371,1368.0,2.29,184,8.3,0,0.8048426042341943,0,official
G2102,21,2,-1.981716,29.985618,1362.0,4.48,316,4.41,0,0.7338875645837303,0,official
G2103,21,3,-1.981716,29.987865,1372.0,10.34,423,7.39,0,0.5770460214518138,0,official
G2104,21,4,-1.981716,29.990112,1414.0,12.14,478,2.45,0,0.45690269030852637,0,official
G2105,21,5,-1.981716,29.992359,1409.0,11.58,433,6.42,0,0.48700284791720727,0,official
G2106,21,6,-1.981716,29.994606,1424.0,8.15,254,7.21,0,0.577374592646978,0,official
G2107,21,7,-1.981716,29.996854,1362.0,9.42,208,2.71,0,0.6931928513508663,0,official
G2108,21,8,-1.981716,29.999101,1355.0,0.72,227,0.0,0,0.8412487815270431,1,official
G2109,21,9,-1.981716,30.001348,1356.0,0.16,53,0.0,0,0.9119911633131349,1,official
G2110,21,10,-1.981716,30.003595,1356.0,11.53,183,8.37,0,0.6905105062376424,1,official
G2111,21,11,-1.981716,30.005842,1458.0,12.71,422,5.87,896,0.471011825604084,0,official
G2112,21,12,-1.981716,30.008089,1468.0,3.37,664,12.43,1248,0.5044707681631752,0,official
G2113,21,13,-1.981716,30.010336,1475.0,1.22,692,7.91,464,0.49575179572391737,0,official
G2114,21,14,-1.981716,30.012584,1475.0,1.53,482,10.45,736,0.5791148364046078,0,official
G2115,21,15,-1.981716,30.014831,1478.0,1.86,311,6.84,608,0.6319108499123061,0,official
G2116,21,16,-1.981716,30.017078,1486.0,4.79,225,12.25,608,0.6176662465398071,0,official
G2117,21,17,-1.981716,30.019325,1505.0,7.14,220,11.13,352,0.5493153330179701,0,official
G2118,21,18,-1.981716,30.021572,1525.0,7.97,230,11.65,48,0.48628858508417994,0,official
G2119,21,19,-1.981716,30.023819,1507.0,15.61,271,9.15,64,0.4076282035530716,0,official
G2120,21,20,-1.981716,30.026067,1511.0,9.48,105,11.54,0,0.4877680560099389,0,official
G2121,21,21,-1.981716,30.028314,1516.0,18.74,58,0.0,0,0.4309437647955133,0,official
G2122,21,22,-1.981716,30.030561,1666.0,27.75,246,1.56,800,0.3701461292730818,0,official
G2123,21,23,-1.981716,30.032808,1779.0,12.74,490,6.86,80,0.2553258058710295,0,official
G2124,21,24,-1.981716,30.035055,1776.0,5.93,738,12.67,960,0.295571531840337,0,official
G2125,21,25,-1.981716,30.037302,1729.0,13.56,987,23.1,3312,0.11430945565890552,0,official
G2126,21,26,-1.981716,30.039549,1658.0,16.59,1236,7.82,3104,0.10985071623760513,0,official
G2200,22,0,-1.97947,29.981124,1372.0,2.7,117,11.54,0,0.8146999973884123,0,official
G2201,22,1,-1.97947,29.983371,1379.0,3.89,135,4.4,0,0.7802716797488348,0,official
G2202,22,2,-1.97947,29.985618,1397.0,9.45,384,1.56,0,0.5568446821832719,0,official
G2203,22,3,-1.97947,29.987865,1431.0,11.75,634,11.12,0,0.3699649905719107,0,official
G2204,22,4,-1.97947,29.990112,1457.0,6.46,709,16.61,0,0.3763395805172462,0,official
G2205,22,5,-1.97947,29.992359,1461.0,5.06,604,13.5,0,0.43579887377527143,0,official
G2206,22,6,-1.97947,29.994606,1443.0,7.08,478,11.16,0,0.4718260492118344,0,official
G2207,22,7,-1.97947,29.996854,1399.0,10.2,332,7.97,0,0.5612357518909246,0,official
G2208,22,8,-1.97947,29.999101,1356.0,5.03,90,0.0,0,0.8284792749923485,1,official
G2209,22,9,-1.97947,30.001348,1355.0,0.16,127,0.0,0,0.8933969154189044,1,official
G2210,22,10,-1.97947,30.003595,1355.0,9.87,311,3.64,96,0.720084100846399,1,official
G2211,22,11,-1.97947,30.005842,1442.0,11.08,528,3.08,592,0.4618814315978196,0,official
G2212,22,12,-1.97947,30.008089,1443.0,4.05,742,8.73,1072,0.5013577040360868,0,official
G2213,22,13,-1.97947,30.010336,1466.0,3.59,736,5.71,704,0.4716069588651763,0,official
G2214,22,14,-1.97947,30.012584,1462.0,4.35,599,9.98,672,0.5177911524808347,0,official
G2215,22,15,-1.97947,30.014831,1464.0,7.14,469,9.77,800,0.518734154383949,0,official
G2216,22,16,-1.97947,30.017078,1434.0,10.16,292,5.76,192,0.5622347163899262,0,official
G2217,22,17,-1.97947,30.019325,1439.0,10.76,142,4.29,192,0.6003343089693632,0,official
G2218,22,18,-1.97947,30.021572,1437.0,11.1,78,0.0,0,0.5709216550674001,0,official
G2219,22,19,-1.97947,30.023819,1435.0,5.37,35,1.42,0,0.6812886423332722,0,official
G2220,22,20,-1.97947,30.026067,1474.0,12.52,83,8.8,128,0.5455834640949773,0,official
G2221,22,21,-1.97947,30.028314,1546.0,22.2,237,0.0,752,0.4104287776907106,0,official
G2222,22,22,-1.97947,30.030561,1676.0,22.79,402,0.0,1168,0.3135054211030961,0,official
G2223,22,23,-1.97947,30.032808,1755.0,12.46,584,8.77,80,0.22877843687850158,0,official
G2224,22,24,-1.97947,30.035055,1775.0,2.72,803,11.02,304,0.30315671495188046,0,official
G2225,22,25,-1.97947,30.037302,1732.0,10.6,1037,26.21,1808,0.13402076842690688,0,official
G2226,22,26,-1.97947,30.039549,1683.0,11.83,1276,14.25,3600,0.1350982092097966,0,official
G2300,23,0,-1.977224,29.981124,1381.0,2.67,191,13.08,0,0.7706170384362687,0,official
G2301,23,1,-1.977224,29.983371,1391.0,5.87,195,6.73,0,0.6912834333091172,0,official
G2302,23,2,-1.977224,29.985618,1427.0,8.61,406,6.78,0,0.5063462226984546,0,official
G2303,23,3,-1.977224,29.987865,1457.0,6.07,645,14.64,0,0.4077460466285495,0,official
G2304,23,4,-1.977224,29.990112,1462.0,1.24,890,12.26,0,0.3783116509364601,0,official
G2305,23,5,-1.977224,29.992359,1451.0,4.78,722,14.38,0,0.41118330786284774,0,official
G2306,23,6,-1.977224,29.994606,1421.0,7.53,484,11.29,0,0.5050342536114206,0,official
G2307,23,7,-1.977224,29.996854,1385.0,7.78,249,9.16,0,0.6581125373067892,0,official
G2308,23,8,-1.977224,29.999101,1356.0,3.44,21,0.0,0,0.8784859068815853,1,official
G2309,23,9,-1.977224,30.001348,1355.0,0.16,232,0.0,0,0.8540069668929141,1,official
G2310,23,10,-1.977224,30.003595,1355.0,6.84,400,4.1,96,0.7344576111639074,1,official
G2311,23,11,-1.977224,30.005842,1415.0,13.52,621,5.66,576,0.4568559904871306,0,official
G2312,23,12,-1.977224,30.008089,1442.0,7.43,615,5.03,2816,0.496624297621178,0,official
G2313,23,13,-1.977224,30.010336,1450.0,8.77,498,3.58,416,0.4917416576172362,0,official
G2314,23,14,-1.977224,30.012584,1437.0,10.78,429,3.25,384,0.5066269362254117,0,official
G2315,23,15,-1.977224,30.014831,1422.0,11.12,248,6.68,512,0.6047442901749366,0,official
G2316,23,16,-1.977224,30.017078,1400.0,5.54,137,2.98,336,0.7690203676832604,0,official
G2317,23,17,-1.977224,30.019325,1410.0,3.17,62,11.51,0,0.7548142305548312,0,official
G2318,23,18,-1.977224,30.021572,1427.0,10.5,145,4.78,0,0.576437894576504,0,official
G2319,23,19,-1.977224,30.023819,1478.0,16.09,212,8.34,0,0.4164946084863224,0,official
G2320,23,20,-1.977224,30.026067,1507.0,13.99,278,3.78,0,0.37525197641234476,0,official
G2321,23,21,-1.977224,30.028314,1545.0,17.34,433,4.86,16,0.30533346695743196,0,official
G2322,23,22,-1.977224,30.030561,1645.0,20.3,589,4.77,848,0.2545141552561936,0,official
G2323,23,23,-1.977224,30.032808,1730.0,14.32,753,11.77,864,0.18617237585920274,0,official
G2324,23,24,-1.977224,30.035055,1770.0,3.02,933,20.46,160,0.2416518923269363,0,official
G2325,23,25,-1.977224,30.037302,1746.0,11.6,1140,20.74,1152,0.1171194212206819,0,official
G2326,23,26,-1.977224,30.039549,1695.0,12.28,1362,18.09,3056,0.13017736026107646,0,official
G2400,24,0,-1.974978,29.981124,1384.0,4.24,45,10.96,0,0.7971974703877461,0,official
G2401,24,1,-1.974978,29.983371,1402.0,5.8,240,6.93,0,0.6619712547804601,0,official
G2402,24,2,-1.974978,29.985618,1434.0,7.91,463,14.03,0,0.48023523330420276,0,official
G2403,24,3,-1.974978,29.987865,1471.0,4.04,656,14.86,0,0.4138471274270881,0,official
G2404,24,4,-1.974978,29.990112,1466.0,2.26,879,13.7,0,0.3641699672805356,0,official
G2405,24,5,-1.974978,29.992359,1453.0,3.26,688,11.23,0,0.44304262072707895,0,official
G2406,24,6,-1.974978,29.994606,1439.0,9.22,438,3.45,0,0.46050681013332095,0,official
G2407,24,7,-1.974978,29.996854,1378.0,9.55,188,8.91,0,0.6670377351281332,0,official
G2408,24,8,-1.974978,29.999101,1355.0,2.76,26,0.0,0,0.894460333390411,1,official
G2409,24,9,-1.974978,30.001348,1354.0,0.16,67,0.0,0,0.9265994592340793,1,official
G2410,24,10,-1.974978,30.003595,1356.0,0.58,316,3.54,16,0.8353599726439394,0,official
G2411,24,11,-1.974978,30.005842,1359.0,7.65,566,8.76,880,0.6689838183189118,0,official
G2412,24,12,-1.974978,30.008089,1388.0,10.43,430,6.07,2112,0.6194634820904898,0,official
G2413,24,13,-1.974978,30.010336,1389.0,10.6,277,2.05,560,0.6574180865192025,0,official
G2414,24,14,-1.974978,30.012584,1371.0,8.5,187,0.0,384,0.7596546734749774,0,official
G2415,24,15,-1.974978,30.014831,1373.0,5.89,97,1.29,192,0.8212218911780949,0,official
G2416,24,16,-1.974978,30.017078,1387.0,7.02,86,4.64,128,0.7738242741040229,0,official
G2417,24,17,-1.974978,30.019325,1433.0,12.93,201,7.24,336,0.576351570664227,0,official
G2418,24,18,-1.974978,30.021572,1500.0,15.36,382,4.46,352,0.3946119469978897,0,official
G2419,24,19,-1.974978,30.023819,1555.0,8.98,270,1.65,288,0.46042807655014134,0,official
G2420,24,20,-1.974978,30.026067,1579.0,10.91,271,4.5,0,0.36771465096900835,0,official
G2421,24,21,-1.974978,30.028314,1619.0,14.45,446,2.35,128,0.30502367861054264,0,official
G2422,24,22,-1.974978,30.030561,1675.0,12.87,670,16.39,432,0.2338889154050103,0,official
G2423,24,23,-1.974978,30.032808,1729.0,13.61,908,17.81,896,0.1375132203592181,0,official
G2424,24,24,-1.974978,30.035055,1796.0,9.15,1105,15.2,80,0.10472081161459293,0,official
G2425,24,25,-1.974978,30.037302,1802.0,12.53,1285,9.29,752,0.09237044562564835,0,official
G2426,24,26,-1.974978,30.039549,1721.0,18.96,1485,12.72,3872,0.08741743426549867,0,official
G2500,25,0,-1.972733,29.981124,1390.0,7.32,67,5.01,0,0.7165467501877321,0,official
G2501,25,1,-1.972733,29.983371,1400.0,5.27,112,10.0,32,0.7597447282269802,0,official
G2502,25,2,-1.972733,29.985618,1435.0,8.44,323,23.82,32,0.5593373977187074,0,official
G2503,25,3,-1.972733,29.987865,1472.0,4.02,564,7.26,0,0.4473149468117338,0,official
G2504,25,4,-1.972733,29.990112,1470.0,4.67,808,14.18,0,0.34934772699876193,0,official
G2505,25,5,-1.972733,29.992359,1460.0,4.6,683,13.63,0,0.4147821530521678,0,official
G2506,25,6,-1.972733,29.994606,1452.0,9.13,436,8.5,0,0.4426511398551585,0,official
G2507,25,7,-1.972733,29.996854,1380.0,11.15,197,6.76,0,0.6365324597850857,0,official
G2508,25,8,-1.972733,29.999101,1354.0,2.98,73,0.0,0,0.8844672148599604,1,official
G2509,25,9,-1.972733,30.001348,1354.0,0.23,172,0.0,0,0.8835108333936915,1,official
G2510,25,10,-1.972733,30.003595,1354.0,0.32,276,0.0,0,0.839028417291593,1,official
G2511,25,11,-1.972733,30.005842,1356.0,0.58,388,1.77,0,0.7732926937679153,0,official
G2512,25,12,-1.972733,30.008089,1355.0,3.78,342,6.99,576,0.8313150991329141,0,official
G2513,25,13,-1.972733,30.010336,1358.0,4.02,92,7.76,272,0.8921503003518954,0,official
G2514,25,14,-1.972733,30.012584,1364.0,4.15,53,4.26,0,0.8330646056650357,0,official
G2515,25,15,-1.972733,30.014831,1373.0,6.34,42,8.45,352,0.843302029872705,0,official
G2516,25,16,-1.972733,30.017078,1386.0,6.64,48,6.3,1088,0.8283148607451206,0,official
G2517,25,17,-1.972733,30.019325,1430.0,11.92,133,3.94,416,0.6229115498950284,0,official
G2518,25,18,-1.972733,30.021572,1490.0,5.94,146,3.74,96,0.5955210111244635,0,official
G2519,25,19,-1.972733,30.023819,1478.0,10.11,81,2.28,176,0.5707289378981143,0,official
G2520,25,20,-1.972733,30.026067,1579.0,17.16,126,7.65,576,0.44534763642941133,0,official
G2521,25,21,-1.972733,30.028314,1631.0,10.99,376,24.38,1440,0.3931802050906921,0,official
G2522,25,22,-1.972733,30.030561,1676.0,10.98,626,17.59,1344,0.28334557005880195,0,official
G2523,25,23,-1.972733,30.032808,1728.0,14.37,876,20.65,912,0.14326218707742613,0,official
G2524,25,24,-1.972733,30.035055,1804.0,11.65,1126,5.67,128,0.0742308455793859,0,official
G2525,25,25,-1.972733,30.037302,1828.0,7.83,1376,6.52,0,0.08056684063100591,0,official
G2526,25,26,-1.972733,30.039549,1752.0,18.64,1626,3.52,432,0.06094776965898456,0,official
G2600,26,0,-1.970487,29.981124,1445.0,14.39,213,14.91,0,0.4743977556297407,0,official
G2601,26,1,-1.970487,29.983371,1412.0,2.86,41,6.07,0,0.761791672740002,0,official
G2602,26,2,-1.970487,29.985618,1452.0,7.46,288,11.86,16,0.5586375436460004,0,official
G2603,26,3,-1.970487,29.987865,1468.0,3.01,537,18.2,0,0.47709502410186794,0,official
G2604,26,4,-1.970487,29.990112,1427.0,11.31,787,12.28,0,0.3253045233601384,0,official
G2605,26,5,-1.970487,29.992359,1417.0,9.77,692,12.35,0,0.3993449674638614,0,official
G2606,26,6,-1.970487,29.994606,1431.0,7.35,449,4.6,0,0.503047903081532,0,official
G2607,26,7,-1.970487,29.996854,1368.0,9.06,219,5.3,0,0.6826820466460459,0,official
G2608,26,8,-1.970487,29.999101,1355.0,1.39,85,5.48,0,0.8888905756286883,1,official
G2609,26,9,-1.970487,30.001348,1356.0,0.47,88,11.24,0,0.8877651485279457,1,official
G2610,26,10,-1.970487,30.003595,1354.0,0.23,37,9.85,0,0.9341550529271074,1,official
G2611,26,11,-1.970487,30.005842,1354.0,0.47,251,3.63,0,0.8464772317786754,1,official
G2612,26,12,-1.970487,30.008089,1355.0,0.11,416,0.43,0,0.7909308174951682,0,official
G2613,26,13,-1.970487,30.010336,1355.0,5.64,255,5.69,48,0.8030851214240383,0,official
G2614,26,14,-1.970487,30.012584,1404.0,11.93,286,2.56,720,0.622538723221737,0,official
G2615,26,15,-1.970487,30.014831,1424.0,11.54,240,13.26,2352,0.6156734635276325,0,official
G2616,26,16,-1.970487,30.017078,1399.0,4.29,217,6.34,816,0.7759635890626702,0,official
G2617,26,17,-1.970487,30.019325,1451.0,10.34,106,2.74,1520,0.6299688835101902,0,official
G2618,26,18,-1.970487,30.021572,1480.0,12.5,99,3.26,0,0.48295926090263935,0,official
G2619,26,19,-1.970487,30.023819,1560.0,22.12,169,10.31,16,0.394014755342466,0,official
G2620,26,20,-1.970487,30.026067,1600.0,8.61,289,21.02,656,0.4601509652132645,0,official
G2621,26,21,-1.970487,30.028314,1623.0,8.39,457,24.57,704,0.39722353480596867,0,official
G2622,26,22,-1.970487,30.030561,1672.0,12.44,678,14.65,2752,0.25361052014466906,0,official
G2623,26,23,-1.970487,30.032808,1733.0,16.63,914,18.04,672,0.10765093594547007,0,official
G2624,26,24,-1.970487,30.035055,1821.0,13.38,1156,0.0,0,0.010098997188876606,0,official
G2625,26,25,-1.970487,30.037302,1847.0,5.33,1400,5.56,0,0.12305338612943263,0,official
G2626,26,26,-1.970487,30.039549,1794.0,15.14,1647,3.1,0,0.0,0,official
